name,brand,category,price,slug,volume_ml,variants,product_type,description,notes_top,notes_middle,notes_base,image,regular_price,is_available,is_new,is_bestseller,is_featured
Khamrah,Lattafa,Парфумована вода,0.00,lattafa-khamrah,100,"100:0.00",Eau de Parfum,"Насичена солодка парфумована вода з теплим гурманським характером. Пряний старт із кориці, мускатного горіха й бергамоту переходить у фініки, праліне та туберозу, а ванільно-амброва база залишає глибокий шлейф. Вдалий вибір для осені, зими, вечірніх прогулянок і святкових подій.","Кориця, мускатний горіх, бергамот","Фініки, праліне, тубероза, махоніал","Ваніль, боби тонка, амбра, бензоїн, мирра, деревні акорди",https://almaycasa.co.il/cdn/shop/files/LATTAFA_Khamrah_100ml_EDP_02_1800x1800.jpg?v=1735062814,,true,true,false,true
Afeef,Lattafa,Парфумована вода,0.00,lattafa-afeef,100,"100:0.00",Eau de Parfum,"Елегантний сучасний аромат із фруктово-квітковим звучанням. Соковиті персик і личі відкривають композицію, квіткове серце додає м’якості, а сандал, амбра, ваніль і мускус формують теплий тривалий шлейф. Підійде на щодень, для побачень та особливих подій.","Персик, личі, рожевий перець","Жасмин, тубероза, апельсиновий цвіт","Сандал, амбра, ваніль, мускус",https://samsfragrances.com/cdn/shop/files/Group_10.png?v=1752934497&width=1445,,true,true,false,true
Her Confession,Lattafa,Парфумована вода,0.00,lattafa-her-confession,100,"100:0.00",Eau de Parfum,"Чуттєва та елегантна жіноча парфумована вода. Свіжі фруктові акорди поступово переходять у романтичний квітковий букет, а ванільно-амброва й деревна база створює м’який обволікаючий шлейф. Гарний варіант для вечора, побачень і прохолодної пори року.","Гранат, юзу, льодяний акорд","Магнолія, лотос, півонія","Рослинна амбра, мускус, червоне дерево",https://f.nooncdn.com/p/pzsku/Z9AB761A274300505E2F9Z/45/1761312860/9fb301d0-5bcb-497b-8ddb-fdb84a78874a.jpg?width=1200,,true,true,false,true
Teriaq,Lattafa,Парфумована вода,0.00,lattafa-teriaq,100,"100:0.00",Eau de Parfum,"Багатогранний гурманський аромат із солодкими фруктовими, пряними й квітковими відтінками. Карамель, мигдаль, абрикос і рожевий перець розкриваються медовим серцем, а ванільно-амброва база залишає теплий стійкий шлейф. Особливо гарний для осені, зими та вечірніх виходів.","Карамель, гіркий мигдаль, рожевий перець, абрикос","Мед, ревінь, білі квіти, троянда","Ваніль, мускус, амбра, бензоїн, боби тонка",https://www.perfumenz.co.nz/cdn/shop/files/lattafa-teriaq_1200x1200.png?v=1717720786,,true,true,false,true
Haya,Lattafa,Парфумована вода,0.00,lattafa-haya,100,"100:0.00",Eau de Parfum,"Ніжний жіночний аромат із фруктово-квітковим характером. Соковитий початок переходить у делікатне квіткове серце, а ванільно-мускусна база додає композиції м’якості та кремовості. Універсальний вибір для роботи, прогулянок, побачень і святкових моментів.","Фруктові акорди","Квіткові ноти, солодкуваті фруктові відтінки","Ваніль, мускус",https://i.makeupstore.co.il/c/cq/cqxwidxygnbv.jpg,,true,true,false,true
Yara Candy,Lattafa,Парфумована вода,0.00,lattafa-yara-candy,100,"100:0.00",Eau de Parfum,"Грайлива солодка парфумована вода з фруктово-гурманським настроєм. Яскраві фрукти, полунична солодкість і квіткові нюанси м’яко переходять у кремову ванільно-мускусну базу. Підійде для щоденного носіння, зустрічей із друзями та побачень.","Зелений мандарин, чорна смородина","Полунична цукерка, гарденія","Сандал, ванільний сироп, мускус, амбра",https://parfumis.nl/cdn/shop/files/yaracandy.jpg?crop=center&height=1200&v=1763110993&width=1200,,true,true,false,true
Yum Yum,Armaf,Парфумована вода,0.00,armaf-yum-yum,100,"100:0.00",Eau de Parfum,"Яскравий жіночний аромат із фруктово-квітковим і солодким звучанням. Соковиті ягоди та цитруси переходять у ніжний квітковий акорд із ваніллю, а мускусно-амброва база зберігає теплий затишний шлейф. Доречний для прогулянок, побачень та щоденного образу.","Вишня, дикі ягоди, апельсин, бергамот","Троянда, білі квіти, ваніль","Пудрові ноти, мускус, амбра",https://parfumat.ro/16613/armaf-delights-yum-yum-apa-de-parfum-de-dama-100-ml.jpg,,true,true,false,true
Fakhar Rose,Lattafa,Парфумована вода,0.00,lattafa-fakhar-rose,100,"100:0.00",Eau de Parfum,"Вишукана квітково-фруктова композиція з чистим сучасним звучанням. Фруктові й квіткові акорди розкриваються жасмином, туберозою та апельсиновим цвітом, а база з ванілі, амбри, мускусу й сандалу робить аромат м’яким та елегантним. Підійде для повсякденного використання й особливих моментів.","Фрукти, лілія, гранат, альдегіди","Тубероза, жасмин, гарденія, троянда, півонія","Ваніль, амброксан, білий мускус, сандал",https://lookalyfe.com/cdn/shop/files/Look-Alyfe-Lattafa-Fakhar-Rose-Eau-de-Parfum-100ml-4748.png?v=1737421716&width=1214,,true,true,false,true
Yara,Lattafa,Парфумована вода,0.00,lattafa-yara,100,"100:0.00",Eau de Parfum,"Ніжна кремова парфумована вода з фруктово-квітковим характером. Мандарин, орхідея та геліотроп ведуть до тропічного гурманського серця, а ваніль, мускус і сандал залишають м’який солодкуватий шлейф. Чудовий варіант на щодень, для роботи й романтичних зустрічей.","Мандарин, геліотроп, орхідея","Тропічні фрукти, гурманський акорд","Ваніль, мускус, сандал",https://escentialperfumes.com.au/wp-content/uploads/2025/01/Lattafa-Yara-100ml-EDP-1.png,,true,true,false,true
Eclaire,Lattafa,Парфумована вода,0.00,lattafa-eclaire,100,"100:0.00",Eau de Parfum,"Теплий солодкий гурманський аромат, що нагадує вершковий десерт. Карамель і молочний акорд переходять у медово-квіткове серце, а ваніль, праліне й мускус формують затишний стійкий шлейф. Найкраще розкривається восени, взимку та прохолодною весною.","Карамель, молоко, цукор","Мед, білі квіти","Ваніль, праліне, мускус",https://www.perfumenz.co.nz/cdn/shop/files/lattafa-eclaire_1024x1024.png?v=1717721395,,true,true,false,true
Pur Intoxiqué,Fragrance World,Парфумована вода,0.00,fragrance-world-pur-intoxique,100,"100:0.00",Eau de Parfum,"Елегантна та чуттєва парфумована вода з виразним фруктово-квітковим характером. Вишня, гіркий мигдаль і лікер створюють яскравий старт, троянда та жасмин додають глибини, а ванільно-амброва база залишає теплий привабливий шлейф. Підійде для побачень, вечірніх прогулянок і святкових подій.","Вишня, гіркий мигдаль, лікер","Чорна смородина, троянда, жасмин","Боби тонка, ваніль, мед, ветивер, пачулі, амбра",https://olvio.co.uk/cdn/shop/files/Pur-Intoxique-Perfume-100ml-EDP-Fragrance-World_1200x1200.png?v=1753852750,,true,true,false,true
